{
  "name": "suika85ergo",
  "vendorId": "0x4B48",
  "productId": "0x0002",
  "matrix": {"rows": 6,"cols": 17},
  "layouts": {
    "keymap": [
         [{"y":2,"x":8.75},"0,10"]
        ,[{"y":3.75,"x":8.25},"4,8"]
        ,[{"x":8.25},"5,8"]
        ,[{"rx":8.1,"ry":3.75,"y":-0.25,"x":0.15000000000000036,"c":"#8e8e8e"},"1,8"]
        ,[{"x":0.15000000000000036,"c":"#cccccc"},"2,8"]
        ,[{"rx":8.35,"ry":5.5,"y":2.25,"x":0.9000000000000004},"5,9"]
        ,[{"rx":10.32,"ry":5,"y":0.5,"x":-2.5700000000000003},"3,7"]
        ,[{"rx":10.34,"y":0.5,"x":-1.5899999999999999},"3,9"]
        ,[{"rx":10.35,"y":-3,"x":-3.5999999999999996},"0,5","0,6",{"x":1},"0,11"]
        ,[{"y":4.75,"x":-3.0999999999999996},"5,7"]
        ,[{"r":15,"rx":8.77,"y":-2.75,"x":-8.52,"c":"#8e8e8e"},"0,0"]
        ,[{"y":-0.75,"x":-7.02,"c":"#cccccc"},"0,1","0,2",{"fa":[1]},"0,3",{"f":3},"0,4"]
        ,[{"y":0.25,"x":-8.52,"c":"#8e8e8e","f":3},"1,0",{"x":3.25,"c":"#cccccc","f":3},"1,4"]
        ,[{"y":-0.75,"x":-5.27,"f":3},"1,3",{"x":1,"f":3},"1,5"]
        ,[{"y":-0.75,"x":-7.27,"f":3},"1,1",{"f":3},"1,2",{"x":3,"f":3},"1,6"]
        ,[{"y":-0.5,"x":-4.27,"f":3},"2,4"]
        ,[{"y":-0.75,"x":-8.52,"c":"#8e8e8e","f":3},"2,0",{"x":2.25,"c":"#cccccc","f":3},"2,3",{"x":1,"f":3},"2,5"]
        ,[{"y":-0.75,"x":-7.27,"c":"#8e8e8e","f":3},"2,1",{"c":"#cccccc","f":3},"2,2",{"x":3,"f":3},"2,6"]
        ,[{"y":-0.5,"x":-4.27,"f":3},"3,4"]
        ,[{"y":-0.75,"x":-8.52,"c":"#8e8e8e","f":3},"3,0",{"x":2.25,"c":"#cccccc","f":3},"3,3",{"x":1,"f":3},"3,5"]
        ,[{"y":-0.75,"x":-7.27,"c":"#8e8e8e","f":3},"3,1",{"c":"#cccccc","f":3},"3,2",{"x":3,"f":3},"3,6"]
        ,[{"y":-0.5,"x":-4.27,"f":3},"4,4"]
        ,[{"y":-0.75,"x":-5.27,"f":3},"4,3",{"x":1,"f":3},"4,5"]
        ,[{"y":-0.75,"x":-7.77,"c":"#8e8e8e","f":3,"w":1.5},"4,1",{"c":"#cccccc","f":3},"4,2",{"x":3,"f":3},"4,6"]
        ,[{"y":-0.5,"x":-4.27,"c":"#8e8e8e","f":3},"5,4"]
        ,[{"y":-0.75,"x":-5.27,"f":3},"5,3",{"x":1,"f":3},"5,5"]
        ,[{"y":-0.75,"x":-6.77,"f":3,"w":1.5},"5,2",{"x":3,"c":"#cccccc","f":3,"w":1.25},"5,6"]
        ,[{"r":-15,"rx":8.79,"y":-2.75,"x":7.460000000000001,"c":"#8e8e8e","f":3},"0,16"]
        ,[{"y":-0.75,"x":2.960000000000001,"c":"#cccccc","f":3},"0,12",{"f":3},"0,13",{"f":3},"0,14",{"f":3},"0,15"]
        ,[{"y":0.25,"x":3.210000000000001,"f":3},"1,12"]
        ,[{"y":-0.75,"x":2.210000000000001,"f":3},"1,11",{"x":1,"f":3},"1,13",{"x":2.25,"c":"#8e8e8e","f":3},"1,16"]
        ,[{"y":-0.75,"x":1.2100000000000009,"c":"#cccccc","f":3},"1,10",{"x":3,"f":3},"1,14",{"f":3},"1,15"]
        ,[{"y":-0.5,"x":3.210000000000001,"f":3},"2,12"]
        ,[{"y":-0.75,"x":2.210000000000001,"f":3},"2,11",{"x":1,"f":3},"2,13"]
        ,[{"y":-0.75,"x":1.2100000000000009,"f":3},"2,10",{"x":3,"f":3},"2,14",{"f":3},"2,15"]
        ,[{"y":-0.5,"x":3.210000000000001,"f":3},"3,12",{"x":3.25,"c":"#8e8e8e","f":3},"2,16"]
        ,[{"y":-0.75,"x":2.210000000000001,"c":"#cccccc","f":3},"3,11",{"x":1,"f":3},"3,13"]
        ,[{"y":-0.75,"x":1.2100000000000009,"f":3},"3,10",{"x":3,"f":3},"3,14",{"f":3},"3,15"]
        ,[{"y":-0.5,"x":3.210000000000001,"f":3},"4,12"]
        ,[{"y":-0.75,"x":2.210000000000001,"f":3},"4,11",{"x":1,"f":3},"4,13"]
        ,[{"y":-0.75,"x":1.2100000000000009,"f":3},"4,10",{"x":3,"f":3},"4,14",{"c":"#8e8e8e","f":3,"w":1.5},"4,15"]
        ,[{"y":-0.5,"x":3.210000000000001,"f":3},"5,12"]
        ,[{"y":-0.75,"x":2.210000000000001,"f":3},"5,11",{"x":1,"f":3},"5,13"]
        ,[{"y":-0.75,"x":0.9600000000000009,"c":"#cccccc","f":3,"w":1.25},"5,10",{"x":3,"c":"#8e8e8e","f":3,"w":1.5},"5,14"]
        
    ]
  }
}